,24mon c_index,48mon c_index,72mon c_index
Event_1,0.9965860730486835,0.9952667550749771,0.9948408939763407
