,24mon c_index,48mon c_index,72mon c_index
Event_1,0.9954765016731331,0.9892878244380242,0.9777785844064321
