,24mon B_score,48mon B_score,72mon B_score
Event_1,0.013324148934201452,0.012857311046095813,0.01697577544707591
