,24mon B_score,48mon B_score,72mon B_score
Event_1,0.6144790491634314,0.6711859530955264,0.0028247858345664466
